<?xml version="1.0" encoding="UTF-8"?>
<!--        ALL < TRACE < DEBUG < INFO < WARN < ERROR < FATAL-->
<Configuration status="ERROR">
    <Appenders>
        <Console name="Console" target="SYSTEM_OUT">
            <PatternLayout pattern="%d{HH:mm:ss.SSS} [%t] %-5level %logger{36} - %msg%n"/>
        </Console>

        <File name="MyFile" fileName="logs/myapp-${date:yyyy-MM-dd_HH_mm_ss_SSS}.log">
<!--        <File name="MyFile" fileName="logs/myapp.log" append="false">-->
            <PatternLayout>
                <Pattern>%d{HH:mm:ss.SSS} [%t] %-5level %logger{36} - %msg%n</Pattern>
            </PatternLayout>
        </File>
    </Appenders>

    <Loggers>
        <Root level="DEBUG">
            <AppenderRef ref="Console"/>
            <AppenderRef ref="MyFile"/>
        </Root>
    </Loggers>
</Configuration>